                  epoch,         train/box_loss,         train/cls_loss,         train/dfl_loss,   metrics/precision(B),      metrics/recall(B),       metrics/mAP50(B),    metrics/mAP50-95(B),           val/box_loss,           val/cls_loss,           val/dfl_loss,                 lr/pg0,                 lr/pg1,                 lr/pg2
                      1,                 1.0286,                 2.2335,                 1.3826,                0.52411,                0.32572,                0.37704,                0.21846,                 1.3068,                  2.224,                 1.7436,             0.00041523,             0.00041523,             0.00041523
                      2,                 1.0579,                 1.8002,                 1.4076,                0.47893,                0.46783,                0.45913,                0.27365,                 1.3061,                 2.0257,                 1.6899,             0.00066718,             0.00066718,             0.00066718
                      3,                 1.0546,                 1.6261,                 1.4088,                0.58588,                0.51469,                0.56549,                0.41225,                 1.1791,                 1.7327,                 1.6049,             0.00075413,             0.00075413,             0.00075413
                      4,                0.99702,                  1.459,                 1.3677,                0.64902,                 0.5897,                0.63931,                0.46216,                 1.1647,                 1.4387,                 1.5574,              0.0005075,              0.0005075,              0.0005075
                      5,                0.96544,                 1.3776,                 1.3472,                0.73346,                0.60949,                0.68445,                0.50985,                 1.1259,                 1.3554,                 1.5321,              0.0005075,              0.0005075,              0.0005075
